{
  "0.00": {
    "target_rho": 0.0,
    "f1": 0.0,
    "rho": 0.0
  },
  "0.05": {
    "target_rho": 0.05,
    "f1": 1.25159,
    "rho": 0.05015
  },
  "0.10": {
    "target_rho": 0.1,
    "f1": 1.27795,
    "rho": 0.10038
  },
  "0.20": {
    "target_rho": 0.2,
    "f1": 1.45056,
    "rho": 0.19963
  }
}